ts	elapsed_s	uptime_s	events_total	inference_ms	queue_depth	dropped_frames	fps_scale	temp_c	rss_nvrdet_kb	rss_nvrd_kb	rss_mediamtx_kb	rss_publishers_kb	nvrdet_up	note
2026-10-09_17:59:10	0	8016	4901	0	0	0	1	34.7	57216	16876	40956	0	1	
2026-10-09_17:59:41	30	8046	4901	0	0	0	1	34.7	57216	15240	41192	0	1	
2026-10-09_18:00:11	61	8077	4901	0	0	0	1	34.7	57216	15240	40852	0	1	
2026-10-09_18:00:41	91	8107	4901	0	0	0	1	34.7	57216	15240	40852	0	1	
2026-10-09_18:01:11	121	8137	4901	0	0	0	1	34.7	57216	15240	40852	0	1	
2026-10-09_18:01:42	152	8168	4901	0	0	0	1	34.7	57216	15248	40852	0	1	
2026-10-09_18:02:12	182	8198	4901	0	0	0	1	34.7	57216	15248	40852	0	1	
2026-10-09_18:02:42	212	8228	4901	0	0	0	1	34.7	57216	15248	40852	0	1	
2026-10-09_18:03:13	242	8259	4901	0	0	0	1	35.1	57216	15248	40852	0	1	
2026-10-09_18:03:43	273	8289	4901	0	0	0	1	34.3	57004	15152	40852	0	1	
2026-10-09_18:04:13	303	8319	4901	0	0	0	1	34.7	57216	15152	40852	0	1	
2026-10-09_18:04:44	333	8350	4901	0	0	0	1	34.3	57216	15152	40852	0	1	
2026-10-09_18:05:14	364	8380	4901	0	0	0	1	34.7	57216	15152	40852	0	1	
2026-10-09_18:05:45	394	8410	4901	0	0	0	1	34.7	57216	17780	40836	0	1	
2026-10-09_18:06:15	425	8441	4901	0	0	0	1	34.3	57216	17780	40836	0	1	
2026-10-09_18:06:45	455	8471	4901	0	0	0	1	34.3	58628	17780	40836	0	1	
2026-10-09_18:07:16	485	8501	4901	0	0	0	1	34.3	57216	17780	40836	0	1	
2026-10-09_18:07:46	516	8532	4901	0	0	0	1	34.7	57216	17572	40744	0	1	
2026-10-09_18:08:16	546	8562	4901	0	0	0	1	34.7	57216	17572	40744	0	1	
2026-10-09_18:08:47	576	8592	4901	0	0	0	1	34.7	57216	17572	40744	0	1	
